"item_id","title","categories","average_rating","rating_number","price"
"1","Pretty Frank Natural Deodorant - No Aluminum Deodorant for Women, Men, Teens, & Kids – Paraben Sulfate Free Solid Deodorant Featuring Shea Butter, Coconut Oil, Vitamin E & Baking Soda (Lavender)","All Beauty","3.900","114.000","25.23"
"2","Bath Body Brush with Super Comfy Bristles for Universal Skin,Long Bamboo Handle Gentle Exfoliation Improve Skin's Health and Beauty Wet or Dry Brushing Back Scrubber for Shower","All Beauty","4.400","45.000","25.23"
"3","Disney Frozen - Townley Girl Mega Nail Set with Nail Dryer Foldable Gift Set for Parties, Sleepovers and Makeovers","All Beauty","4.400","178.000","25.23"
"4","Headbands for Woman Pearls Headbands,Logiverl 2PCS Pearls Headband Elegant Hair Clip Hairpins Headwear Barrette Styling Tools Accessories for Christmas Gift","All Beauty","4.400","20.000","25.23"
"5","Nxconsu 12Pcs Headbands for Women Girls Teens Elastic Hair Bands Silky Solid Colors Pleated Crinkle Head Band Fashion Trendy Outfit Colorful Thin Comfortable Hair Accessories for Home Work Gym Casual","All Beauty","4.600","31.000","25.23"
"6","9 Pack Headbands Set -Messen Fashion Velvet Wide Hairband with Pearl Knitted Floral Fabric Cute Elegant Vintage Cross Knot Turban Elastic Hair Hoop Headwrap for Women Girls Hair Accessories","All Beauty","4.300","57.000","25.23"
"7","obmwang 10 Pieces Metal Headband for Women's Hair, Hair Hoop Spring Wavy Hair Band Non-Slip Headwear Hair Accessories for Women Girls Men (Multicolor)","All Beauty","3.300","23.000","25.23"
"8","DeepDream Portable Electric Nail Drill - Professional Efile Nail Drill Kit For Acrylic, Gel Nails, Manicure Pedicure Polishing Shape Tools with 11Pcs Nail Drill Bits and 36 Sanding Bands","All Beauty","4.500","259.000","25.23"
"9","20 PCS Zoostliss Nail Polish Remover Clips","All Beauty","4.500","112.000","25.23"
"10","Nail Files 16 Pcs, Double Sided Emery Board Manicure Tools for Filing Natural Gel and Acrylic Nails for Home and Salon Use","All Beauty","4.300","2795.000","25.23"
"11","Gel Nail Polish Set, Holiday Red Black 6 Colors Gel Polish Kit Popular Nail Art Design Soak Off LED Lamp Nail Polish Gel Manicure Kit Gifts Set for Girls Women Professional DIY Home Use","All Beauty","3.700","64.000","25.23"
"12","Emilia Hypoallergenic Bath Oil for Babies - Paraben-Free Natural Baby Wash Enriched With Natural Oat Extract, Sunflower, Sweet Almond, Sesame, Calendula, and Chamomile 8.5 fl.oz.","All Beauty","3.600","20.000","25.23"
"13","CIMIY Gel Nail Polish Set 8 bottles - Manicure Colors Infinity with Top Base Coat for Forest Nail Art Natural Daily All Seasons for Nail Profession Salon and Starter at Home Soak Off UV LED 0.32oz","All Beauty","4.100","175.000","25.23"
"14","MOSTORY Glitter Crystal Liquid Eyeshadow Set - 4 Pack Pigmented Liquid Eye shadows Matte Shimmer Metallic Quick Dry Crease Resistant Long Lasting Flake-Proof Blendable Non-Greasy Eye Makeup (4 Pack)","All Beauty","4.300","160.000","25.23"
"15","LUXAZA 6 PCS Purple Eyeshadow Stick,Light Shimmer Cream Eyeshadow Crayon,Pro Smoky Waterproof & Long Lasting Eyeshadow Stick Set","All Beauty","3.500","363.000","25.23"
"16","Busy Co. Biodegradable Hydrating Hand Wipes, With Collagen and Peptides to Smooth and Improve Elasticity, 15 Individually Wrapped Wipes (Refresh Line - Fresh Citrus)","All Beauty","3.500","39.000","25.23"
"17","UJM Magnetic Eyelashes 10 Pairs Reusable Magnetic Eyelash and Eyeliner Kit Natural Look False Lashes with Tweezers No Glue Needed Waterproof Magnetic Lashes","All Beauty","4.200","223.000","25.23"
"18","2 Pack Hair Towel Wrap Turban Microfiber Drying Shower and Bath, Twist Head Towels with Button, Magic Quick Dryer, Hair Care for Women and Girls, One Wrap Plus One Cap and Two Velvet Hair Bands","All Beauty","4.100","50.000","25.23"
"19","Multicolors Crimped Bobby Pins, 96 Counts 2 Inches Non Slip Grip Hair Pins For Women, Safe Rubber Tips & Strong Grip Bob Pins, Bobby Pins Blonde, Black, Brown, Green","All Beauty","4.500","60.000","25.23"
"20","TOUCH IN SOL Best of No Pore Blem Travel Kit - Face Makeup Primer, Big Pores Perfect Cover, Inner-Glowing Skin with Moisture, Long Lasting Makeup's Staying Kit","All Beauty","4.100","99.000","25.23"
"21","LeiCare Tweezers Precision 2-Pack - Stainless Steel Slant Tweezers for Ingrown Hair – Professional Tweezer Set with Slanted Tips for Eyebrows and Splinter Removal - Eyebrow Plucker Kit","All Beauty","4.300","128.000","25.23"
"22","Pippa Of London Magic Star Eyeshadow Powder Pencil, Long Lasting, Blendable Eye Make Up Stick","All Beauty","4.000","259.000","20.00"
"23","Scrunchie Holder Stands with 8 Pack Large Size Scrunchies - Acrylic Hair Ties Organizer for Teenage Girls and VSCO Girls Gift Stuff","All Beauty","4.700","352.000","25.23"
"24","Simply Dana Cellular De-Stressing Cream, Boost Skin's Natural Immunity - 1 oz (30g)","All Beauty","3.900","26.000","25.23"
"25","O.M.CHIC Mannequin Head with shoulders for wig, Display wigs Eyeglasses Necklaces and Earrings","All Beauty","4.800","21.000","25.23"
"26","Birthday Gift, Yachyee hair removal device","All Beauty","4.700","152.000","25.23"
"27","Hyaluronic Acid & Caffeine Eye Roller Serum for Men with Vitamin C – Made in USA – Depuffing Eye Roller Ball for Dark Circles & Puffiness – Mens Day & Night Anti-Aging Under Eye Serum Roller – 10ml (0.68 Fl Oz (Pack of 2))","All Beauty","3.800","508.000","36.99"
"28","MD Complete Bright & Healthy Vitamin C+ Vitalizing Face Serum| with Vitamin C, Vitamin E and Herbal Extracts | Potent Antioxidant Protection, Nourishes, Brightens and Evens Skin 0.5 fl oz","All Beauty","4.200","53.000","25.23"
"29","Wiwoseo Faux Mink Lashes False Eyelashes Dramatic 20MM Long Wispy Cat Eyes Look Lashes 20 Pairs Mixed 2 Styles Fake Eye Lashes Wholesale Pack","All Beauty","4.400","74.000","25.23"
"30","Gel Nail Polish Set, Glitter 6 Colors Gel Polish Kit Popular Nail Art Design Soak Off LED Lamp Nail Polish Gel Manicure Kit Gifts Set for Girls Women Professional DIY Home Use","All Beauty","3.700","45.000","25.23"
"31","12 Sheets 3D Iridescent Butterfly Nail Art Stickers for Fingernail Toenail, Self-Adhesive Butterfly Nail Decals, Holographic Glittery Butterfly Nail Decorations for Women Girls","All Beauty","3.900","42.000","25.23"
"32","QTMY Fashion Rhinestone Flower Headband,Wide Hair Hoop for Women,Hair Accessories Head Band Headwear,White","All Beauty","4.200","47.000","25.23"
"33","Dip Powder Nail Starter Kit 8 Colors Acrylic Dipping Powder System for French Nail Manicure Nail Art Set, Portable Kit for Trave, No LED Nail Lamp Needed…","All Beauty","3.200","152.000","25.23"
"34","Velvet Women Headband with Buttons,YANJIE 6 Pcs Hair Band Ear Protection Holder for Nurses Doctors Non Slip,Stretchy Leopard Head Bands Fashion Unisex Hair Accessories Head Wrap 20inch","All Beauty","3.900","66.000","25.23"
"35","Facial Steamer with Portable Mini Cold Facial Mister, Face Steamer for Facial Deep Cleaning, Nano Ionic Face Hot Steaming Machine for Home Facials Personal Moisturizing Skincare Beauty","All Beauty","4.100","66.000","25.23"
"36","Argan Magic Color Protection Hair Mask – Nourishes, Hydrates & Helps to Protect Color Treated Hair | Enriched with Moringa Oil & Botanical Extracts | Made in USA | Paraben Free | Cruelty Free (8 oz)","All Beauty","3.800","46.000","13.88"
"37","Keratin Secrets Do It Yourself Home Keratin System","All Beauty","3.300","25.000","49.95"
"38","Nail Polish Gel Remover Tools Kit for Women with Nail Clip Caps, Nail File, Nail Remover Cotton Pads,Brush, 2-in-1 Cuticle Scraper and Pusher, Nail Separator","All Beauty","4.000","40.000","25.23"
"39","senvenski Gel Nail Polish Top and Base Coat Shine Mirror Eggshell Fur Matte Crystal Cat Eye Effect No Wipe Art Set Soak Off UV LED Lacquer Clear Resin Home Salon Use 6pcs (TB6-001)","All Beauty","3.700","34.000","25.23"
"40","NOBLE Wigs for White Women Purple Lace Wigs for Black Women 27 Inch Long Curly Wavy Colored Wigs Middle Part Heat Resistant Synthetic Ombre Purple Wavy Wigs for Daily Party Cosplay Use","All Beauty","3.800","31.000","25.23"
"41","C'est Moi Vanilla Vibes Sugar Balm Body Scrub | Invigorating & Hydrating Exfoliant, Clinically Tested Non-Toxic Ingredients feat. Organic Shea Butter, Coconut Oil & Avocado Oil, EWG Verified, 6 oz","All Beauty","3.700","81.000","20.50"
"42","AAVRANI Travel Discovery Skin Care Set with Exfoliating Cleanser & Facial Mask, Toning Serum, Softening Day & Night Moisturizer & Eye Cream Treatment, Facial Kit for Glowing Skin & Healthy Complexion","All Beauty","4.500","65.000","25.23"
"43","QTMY Wide Headbands Fashion Women Baroque Crystal Gemstone Hair Accessories Head Band Fashion Headwear Hairbands for Women","All Beauty","3.600","38.000","25.23"
"44","CAXIRO IPL Hair Removal Device for Women and Man, Permanent Reduction in Hair Regrowth for Body, Face & Precision Areas (Bikini and Underarms)","All Beauty","2.800","19.000","49.99"
"45","4D Silk Fiber Lash Mascara, 2pcs Waterproof Mascara & Fiber Set, Longer Thicker Voluminous Eyelashes, No Clumping, No Smudging Lasting All Day","All Beauty","4.300","12.000","25.23"
"46","LUXEDIVA Brazilian Virgin Hair Straight 3 Bundles 10A Unprocessed Brazilian Short Straight Human Hair Weave Weft Natural Black 14 16 18","All Beauty","3.400","21.000","25.23"
"47","SUPRENT Razors for Men with Matrix Cutter Head, 38.5° Golden Angle Shaving Kit for Men, Travelling Razor Kit-1 Mens Razor Handle, 2 Blade Refills,1 Dock,1 Shave Foam","All Beauty","3.600","30.000","25.23"
"48","Terre De Mars Resonance Facial Oil, Certified Organic, Plumping and Nourishing Oil for Men and Women, Infused With Coffee and Evening Primrose Oil to Protect and Illuminate Skin, Perfect for All Skin Types, Made in France, Vegan and Cruelty Free (1 FL Oz)","Premium Beauty","4.400","25.000","25.23"
"49","Rated Green - Hibiscus Moisturizing Scalp Pack - Tube - 6.76 fl. oz. Cold Brewed Organic Hibiscus with Natural Honey - Softening Hair Mask for Women & Men","All Beauty","4.500","51.000","19.99"
"50","Girlz Squad Foot Spa Sets for Girls Ages 7-12 with Nail Kit for Kids - DIY Manicure and Pedicure Set with Foot Care Kit Perfect for Sleepovers and Slumber Party. Helps Develop Self-Care and Creativity","All Beauty","4.500","276.000","49.95"
"51","Automatic Curling Iron, Rechargeable Cordless Hair Curler with LCD Digital Display and 6 Temperature Settings, Fast Heating Portable Automatic Hair Curler for Styling Hair Anytime ( Pink )","All Beauty","2.700","84.000","25.23"
"52","mold remover gel (3 Pack)","All Beauty","2.900","28.000","25.23"
"53","Face Lift Tapes for Instant Face, Neck and Eye Lift Kit Tape","All Beauty","2.300","16.000","25.23"
"54","Aloe Vera Gel 100% Natural Moisturisers - Pure Organic Fresh Soothing Aloe-Vera Moisturizing Gel Skin Hair, Aloe Leaf Wash-free Clean After Sun Face Body (8.8 oz)","All Beauty","4.400","315.000","25.23"
"55","Sam&Helen Magnetic Eyelashes With Eyeliner Kit, 5Pairs Magnetic Eyelashes And 2 Tubes Magnetic Eyeliners With Eyelash Applicator-No Glue Needed","All Beauty","4.000","34.000","25.23"
"56","1800 Watt Hair Dryer with Diffuser Hot and Cool Settings 2 Speed Adjustable Negative Ionic Hair Blow Dryer 2 Smoothing Concentrators and 1 Hair Scalp Massager Shampoo Brush for Curly Hair,Woman,Kids","All Beauty","4.300","301.000","25.23"
"57","Foot Peel Mask For Cracked Heels, Dead Skin & Calluses - Make Your Feet Baby Soft & Get a Smooth Skin, Removes & Repairs Rough Heels","All Beauty","2.900","30.000","25.23"
"58","Shakira Perfumes - Dance for Women - Long Lasting - Femenine, Charming and Modern Perfume - Fruity Floral Notes - Ideal for Day Wear - 1.7 Fl Oz","All Beauty","4.400","3722.000","29.34"
"59","Purple Hair Mask for Blonde with Keratin & Jojoba Oil - Platinum & Silver Hair - Instantly Eliminate Brassiness & Yellows - Made in USA - Hair Toner - Bleached & Highlighted Hair - Sulfate Free - 8 oz","All Beauty","3.900","545.000","25.23"
"60","Jumbo Braiding Hair Extensions 24 Inch 6 Packs Ombre Synthetic Hair Crochet Braids Kanekalon Long Jumbo Braids For Box Braid Twist Crochet Hair (Black/Dark Brown/Light Brown)","All Beauty","3.900","14.000","25.23"
"61","The Henna Guys Hair Finishing Stick, Frizz Control Hair products, Broken Baby Hair Gel - Hair Wax Stick for Flyaway Hair - Faster & Quickest Solution for Neat Hair Styles (1 Pack)","All Beauty","3.800","55.000","25.23"
"62","COSYMAY 20 inch Human Hair Wig for Women Long Black Wig with Bangs 4x4 Lace Closure Straight Wig Brazilian Virgin Hair Full Wig Average Size 1B","All Beauty","3.600","24.000","25.23"
"63","Brazilian Straight Bundles Human Hair 3 Bundles 10A Straight Weave Hair Bundles 100% Unprocessed Virgin Hair Extensions Natural Black (22 24 26)","All Beauty","3.800","24.000","25.23"
"64","Got2b Glued Spray Wax with 2-in-1 Dual Nozzle, 8 oz","All Beauty","4.200","1724.000","6.47"
"65","KRISNICE Gel Nail Polish Kit- 6 Colors Blue Olive Turquoise Lavender Purple Gel Polish Set Glitter Nail Polish Soak Off LED Gel Nail Kit Nail Art Manicure Salon DIY at Home Gifts for Women (KCS6-010)","All Beauty","4.500","18.000","25.23"
"66","Eyebrow Stamp and Eyebrow Shaper Kit,One Step Brow Stamp Shaping Kit - Professional Eyebrow Powder Stamp Makeup with 24 Eyebrow Stencils 4 Eyebrow Makeup Brushes","All Beauty","2.900","87.000","25.23"
"67","Gel Nail Polish Set - TOEDO Fall Winter Nail Gel 6 Colors Tan Brown Colors Soak Off LED Nail Lamp Gel Polish Kit for Home DIY Manicure Nail Designs","All Beauty","3.300","30.000","25.23"
"68","NAILGIL Poly Nail Gel (Temperature)","All Beauty","3.200","47.000","25.23"
"69","Kale Firm & Smooth Body Lotion - Superfood Infused Firming Body Lotion with Kale. 6.8 fl.oz, Anti-Aging Moisturizing Lotion For All Skin Types","All Beauty","3.900","51.000","25.23"
"70","Cancun Collection Cacao Body Bronzer – Superfood Infused Sunless Tanning Lotion with Cacao 5.1 fl.oz, For Instant Tan in 1 minute.","All Beauty","3.800","39.000","25.23"
"71","Magnesium Serum For Kids - All Natural Rub for Kids and Babies, Toxic Free + Free Magnesium Chart PDF","All Beauty","3.700","122.000","25.99"
"72","100pcs Premium Quality Hair Clips, 20 Glossy Colors Snap Hair Clips, 2 Inch Hair Barrettes with Perfect Grip, Durable Colorful Hair Clips with Smooth Edges for Kids, Girls, Women","All Beauty","4.400","141.000","25.23"
"73","Beast Blue Ultra Cooling Body Wash, 6 oz -Beast","All Beauty","4.000","50.000","25.23"
"74","Strixaderm Lash Advance Eyelash Conditioner - Hypo Allergenic Eyebrow Enhancer Serum & Primer Mascara For Natural Eye Brow Growth & Thick Long Lashes","All Beauty","3.100","40.000","25.23"
"75","Baasha 4 Pcs Paddle Brush Set, Detangling Brush and Hair Comb Set, Thick Hair Brush Set for Men & Women, No More Tangle Hairbrush Comb Set, Hair Care Gift Set Hair Brush Comb Set","All Beauty","3.200","34.000","25.23"
"76","BE PLAIN Vitamin Ampoule 1.01 fl oz. - Korean Multi Vitamin Serum for Face with Vitamin B, Vitamin C, Vitamin E, Hyaluronic Acid","All Beauty","4.000","128.000","25.23"
"77","Bioré J-Beauty Makeup Removing Moisturizing Cleansing Jelly, Top Japanese Makeup Remover, Gentle Skin Cleanser, Mild Floral Fragrance, Non-Greasy, 7.8 Ounce","All Beauty","4.400","879.000","11.95"
"78","Girzzur fashion headbands for women-(6 Pack) yoga running headbands for women nonslip of wide boho Face washing makeup cloth hair bands","All Beauty","4.400","130.000","25.23"
"79","Sdara Aloe Vera Gel For Face and Body - Organic & Natural, Soothing & Cooling For Sunburn Relief, Restorative For Dry Skin - Made In USA","All Beauty","3.800","30.000","25.23"
"80","Grinding Away Skin Polishing Scrub, 3 fl. oz., Polishing Scrub Works to Improve Skin's Texture and Tone by Buffing Away Dead Skin Cells by Higher Education Skincare","All Beauty","3.900","25.000","25.23"
"81","Argan Magic 100% Pure Argan Oil – Moisturizing Oil that Infuses Skin with Enriched Hydration | Leaves Skin Restored & Refreshed | Non-Greasy | Rich in Vitamin E | Made in USA | Cruelty Free (2 oz)","All Beauty","4.100","77.000","25.23"
"82","Magic Wand Makeup Brushes Set - 5pcs Wizard Wand Makeup Brushes Foundation Blending Blush Eyeshadow Face Lip Powder Brush Beauty Tools (New-Bronze)","All Beauty","4.700","516.000","12.99"
"83","SELF/ish Men's Face Scrub | Exfoliating Facial Cleanser | Deep Cleansing | Effective Shave Prep & Beard Exfoliator for Men | Natural Ingredients | 3.4fl oz","All Beauty","4.400","266.000","25.23"
"84","Untangled Fine Tooth Pin Tail Parting Comb - For Difficult Styling and Hair Extensions","All Beauty","5.000","14.000","25.23"
"85","Biutee Starry Sky Nail Gel Firework Nail Gel With black Nail Polish Gel 8ml UV LED","All Beauty","4.100","108.000","25.23"
"86","Empty Brown Glass Spray Bottles2-Pack, Refillable 16 oz Containers for Essential Oils, Cleaning Products, Aromatherapy, Misting Plants, or Cooking - Reliable Sprayer with Mist and Stream Settings","All Beauty","3.700","53.000","25.23"
"87","2PCS Hair Clips Hairpin Headwear Styling Tools Double Layer Twist Plait Tools Hairstyle Hair Twister Clip Multi-Layer Hollow Woven Double Bangs for Knitting Hair","All Beauty","3.800","15.000","25.23"
"88","UV LED Nail Lamp – 128W Rapid-Curing Gel Nails Dryer for Manicures and Pedicures – Dual-Voltage with Extra-Long Cable, Multi-Language Manual – Professional Gel Lamp for Homes or Salons by OVLUX, Gold","All Beauty","4.300","93.000","25.23"
"89","Pine Gel Nail Polish Set Chameleon Shimmering Color and Black 7.5 ml LED UV Cured Soak Off Nail Gel for Nail Art Manicure","All Beauty","4.000","58.000","25.23"
"90","Pine Gel Nail Polish Set 6 Colors Purple Blue Cat Eye Glitter Gel Polish 7.5 ml Soak Off UV LED Cure Home Salon Manicure","All Beauty","4.200","88.000","25.23"
"91","Cherry Blossom Hand & Body Sugar Polish by South of France Clean Body Care | Moisturizing Sugar Scrub for Women | Shea Butter + Sunflower Oil | 8 oz Tube","All Beauty","3.600","28.000","11.95"
"92","Yolife Acrylic Nail Brush with100% Pure Kolinsky Sable, Nail Art Brush With Brilliant crystal Handle, for Manicure Pedicure (6#, Silver)","All Beauty","4.300","27.000","25.23"
"93","Rancco Dried Flower Buds Fragrant Petals Ball, 10 Kinds Natural Organic Flowers Ball, Premium Grade Dried Blooming Flower Tea Balls for Tea, Baking or Bath Bombs","All Beauty","3.100","81.000","25.23"
"94","JIADEL Gel Nail Polish Colors Set,Confetti Glitter Gel Nail Polish With No Wipe Base and Top Coat,Soak Off UV LED Nail Art Salon Starter Manicure Kit","All Beauty","3.900","64.000","25.23"
"95","Plant Therapy Natural Acetone Free Nail Polish Remover 6 fl oz One Touch Dispensing Bottle with Flip Top Cap Tropical Flower Scent","All Beauty","4.200","362.000","25.23"
"96","Calendula Soap With Coconut Oil Soap - Natural Body Soap | Best Body Bar For Dry & Sensitive Skin | Use As A Bath Soap & Face Pure Extracts (2.64 Ounce)","All Beauty","3.800","77.000","25.23"
"97","ZOUSZ Black Oud Vegan Beard Balm - Classic Wood-Scented Facial Hair Grooming and Skin Care Butter for Men - Avocado, Argan, Macadamia Oils - Vegan Moisturiser, Conditioner, and Dandruff Remover","All Beauty","4.200","239.000","25.23"
"98","TINY BUDDHA Mindfulness Gift Set Includes Soothing Bath and Shower Gel, Relaxing Pillow Spray, Calming Essential Oil Roll-On, Lychee Flower Scented Candle and Daily Mindfulness Practice Guide","All Beauty","4.500","25.000","25.23"
"99","AG Care Natural Remedy Apple Cider Vinegar Leave On Mist","Premium Beauty","4.400","265.000","21.00"
"100","SAMYANG ABOUTME Red Recipe Super Cleansing Balm 3.04 oz. (90ml) - Soft Melting Milk Texture Makeup Cleansing Balm, Mineral Contained Nourishing & Soothing Cleansing, Rose Scented","All Beauty","4.100","81.000","25.23"
"101","VILLAGE11FACTORY Cica Cream, Centella Soothing and Repairing Cream for Dry and Irritated Skin, Moisturizer, Anti-Wrinkles, Lightweight, Relieves Irritated Skin, Fragrance Free, Dermatologically Tested, 1.69 fl oz 50ml","All Beauty","4.300","345.000","13.89"
"102","Caudalie Favorites Set","Premium Beauty","4.600","489.000","25.23"
"103","Dr. Denese SkinScience Essential Lipid Anti Aging Power Infusion Dry Oil - Skin Nutrients 97% Organic 100% Natural - Rejuvinating Blend with Amaranth & Resveratrol - Paraben-Free, Cruelty-Free - 2oz","All Beauty","4.200","31.000","32.99"
"104","Follain Mattifying Moisturizer: Oil Control | Hydrating, Daily Facial Lotion, Oil-Free, Smooth Fine Lines, Supports Anti-Aging, Oil Control, Combination to Oily Skin, Peptide Complex, Cruelty Free, 1.7 fl oz","All Beauty","4.200","50.000","25.23"
"105","Laloirelle Luminous Face Oil - Organic Pomegranate Oil, Cacao Oil Infused W/Brightening White Peony Root, Marigold Flower, Lotus Leaf - Glowing Skin That Feels Hydrated, Plump and Firm - 1.0 fl oz","All Beauty","4.100","15.000","25.23"
"106","Facial Skincare,Cucumber Essence Hydrating Moisturizing Revitalizing Hydration Fruit Extract Deep Cleaning Facial Skincare Sheet for All Skin Type Care, 35ml/1.18oz, Pack of 5","All Beauty","4.300","150.000","25.23"
"107","Caudalie Vinosource SOS Intense Hydration Set: Hydrating Trio for Sensitive Skin including a Daily Foam Cleanser, Hydrating Serum, Facial Moisturizer","Premium Beauty","4.700","62.000","25.23"
"108","Bouquet Garni Body Shower White Musk - Unique Fragrance Decanting Engineering Method gives Long Lasting Rich Fragrance - Gentle and Mild Cleansing Scented Body Wash with Natural Surfactant 17.85 Fl Oz","All Beauty","4.000","212.000","13.99"
"109","Revitalizing N.M.F Intensive Hydrating Serum that treats Dull, Tired, Dry and Sensitive Skin from Manilla Natural Skincare","All Beauty","3.800","25.000","25.23"
"110","Dr. Au Anti-Aging Face Oil Retinol Serum by Au Natural Skinfood - Promotes Youthful, Glowing Skin | Collagen Boosting Wrinkle Repair | No Oily Residue - Just Soft to the Touch Skin | Day & Night Moisturizing treatment for Men and Women","All Beauty","4.200","51.000","25.23"
"111","EASYDEW Starter Soft Conditioning Face Wash 6.76 fl oz - Soothing and Moisturizing Face Wash with Ceramides, Hydrogen Water & DW-EGF I Deep Pore Cleanser & Hypoallergenic Gentle Makeup Remover","All Beauty","3.200","27.000","25.23"
"112","MIZON Cicaluronic Line, Cicaluronic Cleansing Balm, Makeup Remover, Centella Asiatica,Hyaluronic Acid, One Step Cleansing (2.7 fl oz)","All Beauty","4.500","442.000","18.00"
"113","GENSKIN Generation Skin Hydrating Marine Algae Eye Patches | Hydrate, Plump, Brighten Eye Area 180g/6.34 Oz - 30 pairs","All Beauty","4.500","109.000","34.95"
"114","CARLA Lacto Biome Balancing Cream Skin Care for Sensitive Dry Skin Face Hydrating Moisturizer","All Beauty","3.100","20.000","25.23"
"115","EASYDEW Starter Moist Whip Foam 5.07 fl oz - Non-Drying, Gentle & Purifying Foaming Cleanser with Ceramide I Exfoliating Daily Face Wash that Removes Dirts and Makeup","All Beauty","4.600","27.000","25.23"
"116","Avajar Blue LED Hydrating Cream Mask 5 Pack - Hydrating Face Masks for Women | Moisturizing Face Mask for Girls | Collagen Face Sheet Masks Set | Korean Face Mask Sheets Pack | Sheet Mask For Face","All Beauty","3.600","27.000","25.23"
"117","Murad Hydration Intense Recovery Cream - Deeply Moisturizes Severely Dry and Stressed Skin - For Face and Eyes, 1.7 Fl Oz","Premium Beauty","3.900","136.000","86.00"
"118","Kneipp Body Lotion (Lavender)","Premium Beauty","4.000","57.000","25.23"
"119","FASCY LAB GREEN+ Korean Sunscreen — SPF 50+PA++++, Daily Facial Sunscreen, Sun Cream With Patented Ingredients, Korean Spf, Korean Sun Cream for Face — Paraben Free [1 x 1.69 Fl.Oz.]","All Beauty","4.500","32.000","24.99"
"120","OGANA CELL Peptide Concentrating Amazing Lotion 2.03 fl.oz. (60ml) - 650ppm Peptide Contained Mild Moisturizing Facial Lotion, Hypoallergenic Natural Ingredients for Sensitive Skin","All Beauty","4.500","26.000","25.23"
"121","Spanature Olive Hand & Body Lotion Travel Size Selection, 4 Pack, Revitalizing Moisturizer for Rough and Dry Skin, Nourishing and Gentle for All Skin Types, Made In Korea - 75 ml/2.53oz","All Beauty","4.800","47.000","25.23"
"122","Spanature Green Tea Hand & Body Lotion Travel Size Selection, 4 Pack, Revitalizing Moisturizer for Rough and Dry Skin, Nourishing and Gentle for All Skin Types, Made In Korea - 75 ml/2.53oz","All Beauty","4.500","61.000","25.23"
"123","Lemon Oil Towelettes - 20 Count","All Beauty","4.900","142.000","16.00"
"124","Bloomeffects - Natural Tulip Dew Face Cream | Cruelty-Free, Non-Toxic, Clean Beauty (1.7 oz | 50 ml)","All Beauty","3.200","25.000","25.23"
"125","Boiess Colognes Poppy mint For Moms, Babies & Kids | Natural Eau de Cologne | Clean & Fresh Scent | Children Fragrance For Soft & Sensitive Skin | Easy Use, Gentle on Baby | Size: 8.5 FL Oz","All Beauty","3.700","14.000","22.90"
"126","100% PURE Coconut Body Scrub Exfoliating Deep Cleanse with Sea Salts & Nourishing Oils - Natural Deeply Moisturizing Skincare - Vibrant Radiant Skin Restore & Pore Cleanser - Vegan - 10oz","All Beauty","3.800","25.000","38.00"
"127","Hand Crafted Ceramic Aromatherapy Essential Oil Diffuser,100ml Fragrant Room Sprays Ultrasonic Aroma Mist Atomizer BPA-Free, Waterless Auto Shut-Off and 7 Color Night Lights for Office Home Study Yoga","All Beauty","4.000","55.000","25.23"
"128","Iryasa Night Indulge Cream - Natural Face Cream for Dry Skin - Vegan Anti Aging Night Cream for Women - Firming Cream for Face and Neck - Organic Vitamin C Moisturizer for Face - 1.7oz","All Beauty","3.700","38.000","25.23"
"129","RUGGED & DAPPER Active Regimen Grooming and Skincare Set for Men | Includes Body Wash Shampoo + Face Wash + Facial Moisturizer + Shaving Cream in a Travel Bag","All Beauty","4.400","130.000","25.23"
"130","Lesentia Tinted Moisturizer with SPF 31 – Tinted Moisturizer For Face With Spf and Blemish Concealer with All Natural Ingredients like Shea Butter, Jojoba Oil, Vitamin E and Zinc* (Medium - 2fl oz)","All Beauty","3.100","32.000","25.23"
"131","lilah b. - Bronzed Beauty Bronzer Duo - b. sunkissed - Multipurpose Bronzer Duo to Highlight + Contour and Blend","All Beauty","4.100","36.000","25.23"
"132","Study Buddy Clay Mask with Detoxifying Bentonite, 3 fl. oz., Exfoliates, Brightens and Clears Pores, Clay Draws Out Impurities and Improves Skin's Texture and Tone by Higher Education Skincare","All Beauty","4.100","36.000","25.23"
"133","Water Flosser Cordless Teeth Cleaner, SOOCAS Professional Oral Irrigator 230ML Portable and Rechargeable Water Dental Flosser with 3 Modes and 4 Jet Tips, IPX7 Waterproof, USB Charged for 30 Days Use","All Beauty","4.100","112.000","25.23"
"134","Women Facial Razor for Hair Removal - Dermaplaning Tool Peach Fuzz Trimmer Womens Fine Hair Remover Eyebrow Razors and Dermaplane Face Shavers Women's Exfoliating for Sensitive Skin Essential Travel","All Beauty","4.300","535.000","7.49"
"135","4D Silk Fiber Lash Mascara Black, Waterproof Natural Thick Fiber Mascara, Thick Thickening Lengthening, Dramatic Extension Voluminous Eyelashes Mascara, No Clumping, No Smudging Lasting All Day","All Beauty","4.000","62.000","25.23"
"136","Easydew Daily Double Hydra Cream 2.02 fl oz - Moisturizing Cream with EGF & Serine of NMFHydrating, Soothing, Anti-Aging EGF, Serine - N.M.F(Natural Moisturizing Factors) for Oily, Sensitive, Acne-Prone, Dry Skin Types","All Beauty","4.500","42.000","25.23"
"137","Travel Friendly Face Cleanser, Quick Cleansing Dry Tissue 20 Packs - Dry Facial Wipes Makeup Remover Travel Size, Exfoliating Wipes For Face","All Beauty","4.800","21.000","25.23"
"138","1513 by LA LA LEAF - All Natural Facial Cream, 750mg Quick Absorbing Hemp Moisturizer with Rosehip, Carrot Seed and Provitamin B5 - Smooths Wrinkles for Firm Glowing Skin - Paraben-free, Cruelty-free, Vegan","All Beauty","4.000","30.000","25.23"
"139","Hemp Lotion for Dry Skin - Soothing Rose Flower & Aloe Hydrate Your Complexion - Non-Greasy, Vegan, 7Oz, 250Mg Hemp, Fragrance & Paraben Free - Guayaquil By La La Leaf","All Beauty","4.100","30.000","25.23"
"140","EASYDEW Fill Up Volume Spot 0.67 fl oz -Anti-Aging Filler Spot Good for Topical Wrinkle Care with Hyaluronic Acid I Moisturizer with Instant Filling Effect and Skin Renewal | For Topical Area","All Beauty","4.100","68.000","25.23"
"141","Kneipp Shower Foam Goodbye Stress Water Mint & Rosemary 6.81 Oz","All Beauty","4.300","91.000","16.00"
"142","Balance White Mud Balancing Mask by Au Natural Skinfood | Rotorua Exfoliating Mask with 16+ Manuka Honey | Certified | Food For Your Skin | All Skin Types | Made in New Zealand | 1.7 oz","All Beauty","3.600","24.000","25.23"
"143","Bodyguard Moisturizing Immunity Soap 6pk | 7 Essential Oils Clinically Evaluated to Boost Immunity and Protect | Moisturizes with Sweet Almond Oil | Healthy PH for Skin Microbiome","All Beauty","4.000","51.000","25.23"
"144","Hylunia Hydrate Body Wash - Energizing Blend With Mango 8.5 oz","All Beauty","3.400","30.000","25.23"
"145","Easydew EX Repair Control Renewal Moisture 1.70 fl.oz.","All Beauty","3.800","50.000","25.23"
"146","Lenghthening Mascara by Almay,Volume & Lift, Eye Makeup, Hypoallergenic and Fragrance Free, 010 Blackest Black, 0.24 Fl Oz","All Beauty","4.200","831.000","7.13"
"147","OGANA CELL Bio Actiome Recovery Cream 50ml / 1.69oz - Mild All in One Cream, Soothing & Anti-Wrinkle, Peptides and Blackbee Extract Contained Nourishing Skin Care","All Beauty","4.300","30.000","34.99"
"148","CELIMAX The Real Sedum Aqua Boosting Essence - with 65.33% Sedum Extract, Hyaluronic Acid Complex, 150ml","All Beauty","4.600","39.000","25.23"
"149","Glow Line Individual Hand Wipes - Hand Wipes Travel Size, Lavender Rose Travel Hand Wipes - Moist Towelettes Individually Wrapped, Wet Wipes Individually Wrapped w/Murumuru Seed & Peptides - 15 ct","All Beauty","3.300","27.000","25.23"
"150","Reusable Shower Cap for Women – Leakproof, Nonslip Hair Cap for Shower w/ Comfy Flexiband – Soft, Breathable Shower Caps for Women Reusable Waterproof – Durable, Heavy Duty Shower Cap by SMPL OBJECTS (Marble)","All Beauty","4.500","1210.000","19.99"
"151","UNNY CLUB Cover Glow Cushion 0.3 Oz / 11g Beige Color SPF50+, Flawless Gloss Cushion Powder Complex Single Layer Concealer Cover Moisture Essence Tight Fit, Korea Cosmetics (No.21 Light Beige)","All Beauty","4.600","12.000","25.23"
"152","10 Pack Wide Headbands, 4 Style knot Turban Hairband Vintage Head wrap Hair Band Elastic Hair Accessories","All Beauty","4.100","119.000","25.23"
"153","35.4 Inch Extra Long Silicone Back Scrubber for Shower, 2021 Updated Lengthen Back Scrubber Brush for Men and Women, Exfoliating Back Washer with Wall Hooks, Easy Clean, Comfortable Massage (Green 27.5in)","All Beauty","3.800","76.000","25.23"
"154","3D Mask Bracket - Internal Support Holder Frame Nose Breathing Smoothly- Lipstick Protection Cool Mask Bracket - DIY Face Mask Accessories - 5Pcs (L-Adult)","All Beauty","3.500","156.000","25.23"
"155","STYLEAGAL Portable Electric Nail Drill, Manicure Pedicure Drill Kit Professional nail starter kit for beginners acrylic with drill（2020 Upgraded）","All Beauty","4.200","162.000","25.23"
"156","Biutee Poly Nail Gel Kit 15ml 0.53oz Pink Nail Extension Gel Builder Gel Long Lasting Nail Salon Nail Art Design DIY at Home Beginner Friendly…","All Beauty","3.600","85.000","25.23"
"157","Cutting Scissors Set 10 Pcs Professional Hairdressing Scissors Kit, Hair Cutting Scissors, Thinning Shears, Hair Razor Comb, Clips, Cape, Shears Kit for Home, Salon, Barber","All Beauty","4.100","68.000","25.23"
"158","Acrylic Nail Powder Set Vcedas 24 Colors Acrylic Nail Art Tips UV Gel Carving Powder Dust Design Decoration 3D Manicure","All Beauty","4.000","54.000","25.23"
"159","Glitter Poly Nail Gel Extensions Builder Gel UV/LED Soak Off Acrylic Fashion Gel Polish Set for Nails Beginner DIY Nail Art at Home 8 colors-15g (Pink series)","All Beauty","4.200","69.000","25.23"
"160","6 Pack Portable travel bottles-30ml Flip Cap Reusable Bottles Keychain Carriers for Travel Outdoor Camping Supplies, Metal Buckle Include, Set of 6","All Beauty","4.300","30.000","25.23"
"161","BQAN 2 Pieces Wax Pencil for Rhinestones, Dual-ended Rhinestone Picker Dotting Tool, Wax Pen for DIY Nail Art, Rhinestone Gems Crystals Studs Picker With Pink Acrylic Handle (Pink & Pink)","All Beauty","4.200","19.000","25.23"
"162","LordHighting 240 Pieces Halloween Party/ Ball Press on False Nails with Design, 12 Sizes Medium and Long Full Cover Gloss Fake Nails for Woman and Girls","All Beauty","4.300","14.000","25.23"
"163","AORAEM Mini Nail Dust Collector Portable Suction Dust Collector Machine Handheld Table Dust Sweeper with Brush for Nail Drills Acrylic Nails (Light Grey)","All Beauty","3.100","55.000","25.23"
"164","LuminaGlow Liquid Dual Eyeliner Waterproof Vegan Black Smudge Proof Cruelty-Free Paraben-Free, 0.02oz Description of the Issue - I need to change the title to be more descriptive.","All Beauty","4.000","28.000","25.23"
"165","ZUK Black Matte Lipstick 2Pcs Suede Cream Liquid Lipstick Set for Women, Vegan and Cruelty Free, 0.34 Fl Oz","All Beauty","3.500","65.000","25.23"
"166","Beauty Bakerie Lip Whip Liquid Metallic Lipstick, Long Lasting Lip Color, Smudge Proof Makeup, Berried, 3.5 mL","All Beauty","3.900","118.000","22.00"
"167","Eye Mask Natural Mulberry 100% Silk Super Smooth Sleep Eye Mask for Eye Mask for Puffy Eyes for Dry Eyes for Dark Circles Sleeping Travel While Camping Multi Purpose Men and Women Eye Mask","All Beauty","3.000","23.000","25.23"
"168","Livordo Moroccan Argan Oil Essential Organic Cold Pressed Skin Moisturizer Rich in Vitamin E Powerful Antioxidants For Skin, Hair, Body, and Face 4 Oz","All Beauty","4.300","82.000","25.23"
"169","Pharmacopia Tangerine-Flavored Lip Balm - Set of 2, 0.25oz - Nourishing Herbal Lip Elixir with 100% Natural and Certified Organic Ingredients","All Beauty","4.400","37.000","25.23"
"170","BFWood","All Beauty","4.300","57.000","25.23"
"171","Pretty Frank Natural Deodorant Jar- No Aluminum Deodorant for Women, Men, Teens, & Kids – Paraben Sulfate Free Cream Deodorant with Shea Butter, Coconut Oil, Vitamin E & Baking Soda (Jasmine)","All Beauty","4.300","60.000","25.23"
"172","Maya Mari -  Castor Oil Shampoo for Women, Strengthening and Moisturizing Shampoo for Coarse, Textured, and Curly Hair, 32 oz","All Beauty","4.100","46.000","25.23"
"173","Purple Shampoo and Conditioner Set - Blonde Shampoo - Made in USA - Purple Hair Silver Shampoo - Hair Toner Shampoo & Conditioner for Brassy Hair - Purple Toning Shampoo & Overtone Conditioner","All Beauty","3.700","56.000","25.23"
"174","GAINWELL","All Beauty","4.300","64.000","25.23"
"175","NeoCell Overnighter Collagen, 9.3oz","All Beauty","4.400","57.000","25.23"
"176","Purple Shampoo and Conditioner Set - Sulfate Free Salon Grade (2 x 16.9 fl oz) - Hydrating Toner - Shimmer Correction for Platinum Blonde, Silver, Light, and Grey Hair - New Formula","All Beauty","3.900","911.000","25.23"
"177","No Brainer Gentle Facial Cleanser, 6 fl. oz, For Dry & Sensitive Skin, Leaves Skin Feeling Clean, Soft and Hydrated, Hydrolyzed Rice Protein & Amino Acids Restores Skin by Higher Education Skincare","All Beauty","4.800","29.000","25.23"
"178","LANGE HAIR Extendé Conditioning Detangler Hair Spray - Paraben Free Leave-in Conditioner Spray, Detangles and Hydrates Hair, Moisture & Shine | 4OZ","All Beauty","4.200","232.000","16.80"
"179","Karuna 7 Days of Glow - Face & Eye Mask Variety Pack (7 Sheets), Hydrate, Brighten and Glow","All Beauty","4.400","34.000","25.23"
"180","STARAMZ 7 Set Bachelorette Scrunchies Bridesmaid Proposal Gifts Hair Ties for Women Bachelorette Party Favors ( Blush)","All Beauty","4.700","21.000","25.23"
"181","NIRA Skincare Laser & Serum Bundle - Includes Anti-Aging Laser & Hyaluronic Acid Serum - Reduces Appearance of Fine Lines & Wrinkles - FDA Cleared","All Beauty","3.800","109.000","25.23"
"182","Prairie Rose Organics Cocoa Butter Cream Peppermint Body Butter - Mint Cocoa Whipped Body Cream","All Beauty","4.200","54.000","25.23"
"183","Kopari Bubblegum Lip Gloss Kit | Strawberry, Grape, and Bubble Gum Flavors | Hydrating Blend of Shea Butter and Coconut Oil to Nourish and Soothe Chapped Lips | Vegan and Cruelty-Free","All Beauty","4.500","40.000","27.99"
"184","13.5 fl. Oz. Goat Milk Facial Cleanser, Moisturizing Face Wash for Women, Hydrating Natural Face Wash, Anti-aging Face Wash, Face Wash for Aging Ski","All Beauty","4.100","213.000","15.97"
"185","SERUM By MERLOT - RESVERATROL - NATURAL ANTI-AGING - DAMAGE CORRECTOR - BOOST COLLAGEN - 1 FL OZ. - DARK CIRCLE CORRECTOR -","All Beauty","4.300","76.000","25.23"
"186","360 Lazy Susan Makeup Organizer, Rotating Bathroom Shelves Countertop Carousel Organizer Cosmetic Storage, Crystal Clear","All Beauty","4.600","214.000","25.23"
"187","Taya Beauty Inner Core Hair Strong Anti-Breakage Shampoo & Conditioner Duo - Strengthening and Repairing Formula - Free From Sulfates and Parabens - 8 fl oz Bottles","All Beauty","4.000","45.000","48.00"
"188","Workman's Friend Ultimate Hand Care Bundle","All Beauty","4.500","41.000","25.23"
"189","Queendom Unlashed Mascara | Volumizing and Lengthening | Boosts Lash Length | Vegan, Cruelty Free, Paraben Free","All Beauty","3.300","32.000","25.23"
"190","12ML Refillable Perfume Atomizer Bottle for Travel Spray Scent Pump Case Pack of 5","All Beauty","3.900","53.000","25.23"
"191","ABOUT ME MediAnswer Collagen Firming Up Mask 4ea (1box) 25g - 77% Pure Collagen Extract Anti-Aging Total Care Facial Mask Sheet, Powerful Hydrating and Anti-Wrinkle Night Skin Care","All Beauty","4.200","63.000","25.23"
"192","Color Me Cosmetics Gel Manicure Kit with LED Lamp - DIY Gel Nail Starter Set with Prep, Base and Top Coat, 2 Gel Polish Colors & Nail Tools - Beginner Nail Kit with Everything You Need Made in USA*","All Beauty","3.900","54.000","25.23"
"193","Hair Scrunchies for women,Including 3 Pcs Long Silk Satin Hair Scarf & 3 Pcs Bunny Ear Scrunchies & 3 Pcs Elastic Hair Bands Scrunchy and 7Pcs Pearl Hair Clips,(16Pcs/9Colors)","All Beauty","4.400","196.000","25.23"
"194","MBA Renewing Retinol Serum, 1.7 fl. oz, 0.5% Retinol Hydrates & Brightens Skin's Appearance by Diminishing the Look of Breakouts, Hyperpigmentation, and Signs of Aging by Higher Education Skincare","All Beauty","2.800","28.000","25.23"
"195","Higher Education Skincare: Goal Digger - Silky Moisturizing Cucumber Creme; formulated for dry and sensitive skin; cucumber extract; natural extract: melon, kale, cabbage, ginger, turmeric - 1.7 fl oz","All Beauty","4.700","33.000","25.23"
"196","[the SAEM] Derma Plan Cleansing Bubble Pad 15pcs - One Step Gentle Makeup Cleansing Wipes Produce Fine & Dense Bubbles, Hypoallergenic Formula, Pore Clean, Mild Exfoliation","All Beauty","3.600","28.000","25.23"
"197","Maya Mari Hydrating Argan Oil Shampoo – Rich in Nutrients, Restores Moisture & Shine, 32 oz","All Beauty","4.300","41.000","25.23"
"198","[Abib] Creme coating mask Tone-up solution 17g (5pcs)","All Beauty","3.900","13.000","25.23"
"199","Taya Beauty Buriti Nut Intensive Repair Shampoo & Conditioner Duo – Organic Hydrating Shampoo and Conditioner for Dry Damaged Hair - Restorative Hair Care – Travel Size 2 fl oz","All Beauty","3.400","22.000","25.23"
"200","Laloirelle Deep Hydration Face Oil - Nourishing Helichrysum Oil, Avocado Oil Infused With Red Ginseng, Shitake Mushroom, Elderflower - Unparalleled For Moisturizing Very Dry, Dull or Aging Skin - 1.0 fl oz","All Beauty","4.400","14.000","25.23"
"201","Moisturizing Facial Emulsion for Restoring Hydrating Smoothing Skin from Manilla Natural Skincare","All Beauty","4.400","30.000","25.23"
"202","Organic Sweet Almond Oil and Fractionated Coconut Oil Bundle for Hair and Skin, 100% Pure and Natural, Hexane-Free, Moisturizing, For Healthy Skin, Silky Hair, Multiuse Body Oil, 16 fl. Oz X 2","All Beauty","4.500","167.000","25.23"
"203","Claw Hair Clips, IKOCO 6 Pack Jaw Clips Stylish Matte Plastic Strong Hold Hair Clamps Box Packaged for Thin Fine Hair with 10Pcs Black Hair ties (2.4Inch)","All Beauty","4.400","122.000","25.23"
"204","Karuna Oh, Glow On Face Mask Sheet, Skincare and Beauty Facial Masks with Moisturizing and Collagen Promotion Properties for Healthy Glow, Contain Green Tea, Vitamin C and Pineapple (3 Sheets)","All Beauty","4.100","31.000","25.23"
"205","MAELYS VIRTUE Neck Firming Cream","Premium Beauty","3.600","44.000","54.00"
"206","EASYDEW DW-EGF Double Synergy Moist Ampoule1.01 fl oz -K Beauty Award-Winning Anti Aging Ampoule with EGF to Plump, Moisturize Skin I For Sensitive Skin, Gift for Mom, Wife, Her","All Beauty","4.500","127.000","25.23"
"207","Huxley Secret of Sahara Clay Mask Balanced Blend 4.23 fl. oz. | Korean Clay Mask to Refine Pores and Absorb Excess Oil and Sebum | Made with Moroccan Rhassoul Clay","All Beauty","4.600","30.000","34.95"
"208","Spanature Lavender Hand & Body Lotion Travel Size Selection 4 Pack, Relaxing and Revitalizing Moisturizer for Rough and Dry Skin, Nourishing and Gentle for All Skin Types, Made In Korea - 75 ml/2.53oz","All Beauty","4.100","42.000","25.23"
"209","Simply Dana Coconut Lip Scrub, Exfoliate and Plump Your Lips, 0.4 oz (12g)","All Beauty","3.900","18.000","25.23"
"210","Easydew 2-Step Face Contour Sheet Mask - Tightening & Anti-Aging & Hydrating Korean Face Mask with DW-EGF, Hyaluronic Acid for Anti-Winkle, Reducing Fine Line & Producing Collagen (Qty 5)","All Beauty","4.400","103.000","25.23"
"211","WIS Hyaluronic Acid Moisturizing Facial Mask for Women Anti-aging, Deep Hydrating, Remove Wrinkles, 24 Pack Sheet Mask for Dry and Sensitive Skin Care","All Beauty","4.200","46.000","25.23"
"212","Natwag Makeup Remover Pads,18 Pack 3.74 Inch Reusable Microfiber Cleansing Pad with Laundry Bag Suitable for All Skin Types,3 Color Facial Cleansing Pad Set.","All Beauty","4.600","128.000","25.23"
"213","Amtidy Solid Color Vintage Modern Style Elastic Women's Rhinestone Crown Tiara, Bridal Wedding Dance Party Birthday Party Women's Headband Tiara, Queen Tiara With Comb（Silver）","All Beauty","4.000","56.000","25.23"
"214","Follain Everybody Bar Soap | Lavender & Bergamot, Skin Moisturizing Hand & Body Cleanser with Shea Butter, Argan Oil, Hydrate for Softer Skin, Non-Drying, Rich-Lather, Cruelty Free, 5 oz","All Beauty","4.100","55.000","25.23"
"215","Tirtyl Hand Soap Sheet Variety Pack - 240 Pack with Portable Storage Tin - Camping/Outdoor/Travel/Handbag - Lavender & Aloe - Bergamot & Ylang Ylang - Jasmine & Patchouli","All Beauty","4.400","115.000","25.23"
"216","Peripera Ink Mood Matte Lipstick, Lightweight, Matte, Smooth, Hydrating, Lasting Color Payoff (02 Pink Go Up)","All Beauty","4.400","242.000","9.90"
"217","lorelo 20 pieces Hair Curlers, Hair Rollers Spiral Curls Styling Kit No Heat Hair Curlers with Styling Hooks for Girls Woman","All Beauty","4.000","41.000","25.23"
"218","Face and Body Paint Kit By Color Technik 24 Professional Oil Based Flash Colors, 2 Sets of 12 Color Palettes, 6 Paint Brushes 70 Stencils 2 Sponges Non-Toxic For Adults & Kids Halloween Painting Party","All Beauty","4.000","155.000","25.23"
"219","lootaan 500 Pieces False Nails French Acrylic Fake Nails Tips Half Cover Artificial Fake Nails With Box and False Nail Clipper for Women Girl","All Beauty","4.400","23.000","25.23"
"220","LXIANGN Nail Glass Cup With Lid Cute Dappen Dishes 2PCS Heart Shaped Bowl Glass Mini Crystal Bowls for Nail Art Manicure Care Tools","All Beauty","4.000","75.000","25.23"
"221","Makeup Blender Sponge Set - 4 Pack Latex Free Q-Soft Makeup Beauty Foundation Blending Sponge Flawless Smooth Brush for Liquid Foundation BB Creams Powders Concealer (4 Pack)","All Beauty","3.900","106.000","25.23"
"222","Magnetic Eyelashes Kit,Magnetic Eyelashes and Eyeliner Kit,with Most Natural Look,12 Pairs Magnetic Eyelashes & 3 Magnetic Eyeliner,Reusable Magnetic Eyelashes,No Glue Need","All Beauty","2.900","14.000","25.23"
"223","NEW Challenger Men's Rinse Free Hand Wash - 1oz - Portable, 30% Alcohol Hand Wash both Cleans & Moisturizes. Hydrates Hands, Forearms, & Skin - Cleansing 30% Alc. Based Formula Washes and Nourishes","All Beauty","4.300","38.000","25.23"
"224","Premium black caviar facial mask sheet for anti-aging and anti-wrinkle, AG Mask, 6 Sheets, Hydrating and Brightening, Made in Korea.","All Beauty","4.100","12.000","33.00"
"225","Magnetic Eyelashes with Eyeliner, Invisible Magnetic Mink Magnetic Lashes Kits with 2 Liquid Eyeliner 6 Reusable Waterproof False Eyelashes, Eyelash Tweezers, Best Magnetic Eyeliner for Daily, Party","All Beauty","3.900","67.000","25.23"
"226","WIS Acne Skin Pleiotropic Conditioning Face Mask Acne Scar Remover & zit Treatment & Blemish Fightting & Reduce Pores | Organic Mask Care Acne Prone skin-24 Pcs","All Beauty","4.400","67.000","25.23"
"227","QTMY Crystal Gemstone Headbands Baroque Hair Accessories Head Band Fashion Headwear Hairbands for Women,Pink","All Beauty","4.300","44.000","22.99"
"228","UV LED Nail Lamp Mercase,72W Gel uv light for Fingernail & Toenail Gel Based Polishes – Portable Nail Curing Light with 36pcs LEDs, 4 Timer Settings & Smart Sensor (White)","All Beauty","4.200","64.000","25.23"
"229","YERMA Makeup Face Primer with Brush - Instant Brightening and Whitening, Minimize Pores and Fine Lines, Natural Ingredients Moisturizing Primer for All Skin Types, Illuminate and smooth skin surface","All Beauty","3.800","19.000","25.23"
"230","UNNY CLUB Cover Glow Cushion 0.3 Oz / 11g Beige Color SPF50+, Flawless Gloss Cushion Powder Complex Single Layer Concealer Cover Moisture Essence Tight Fit, Korea Cosmetics (No.23 Natural Beige)","All Beauty","3.700","16.000","25.23"
"231","Women Ultra Smooth Razor Womens Razors for Shaving Comfortable handle 5-blade Razor + 2 Refill Blades for a Smooth and safety Shave Reusable Razors for Girls Women","All Beauty","4.000","39.000","25.23"
"232","Claireceuticals Sweet Almond Oil for Hair, Face & Skin - Organic Almond Oil for Skin - Pure Almond Oil Moisturizer for Dry Skin - Facial Moisturizer for Women - Ideal Dandruff Remover - 1.69 Fl Oz","All Beauty","4.100","16.000","25.23"
"233","Cuckoo Face Makeup Oil-Absorbing Volcanic Face Roller,Jade Roller Set Facial Beauty Tools,Face Roller Skin Massager for Face","All Beauty","3.500","25.000","23.99"
"234","ForPro Expert Therapy Massage Lotion, Fragrance-Free, Relax Sore Muscles & Repair Dry Skin, Lightweight, Non-Greasy Formula, Paraben & Sulfate-Free, 1 Gallon (128 Ounces)","All Beauty","4.500","28.000","25.23"
"235","Poly Nail Gel Kit, 7 Colors Nail Extension Gel with UV Lamp, Poly Extension Decoration Kit, Base Top Coat Set with Rhinestone, Nail Molds, Complete Nail Art Gel Kits for DIY Manicure, Pink Nude Series","All Beauty","3.900","715.000","25.23"
"236","Amtidy Women's Rhinestone Crown Tiara, Bridal Wedding Dance Party Birthday Party Women's Headband Tiara, Queen Tiara With Comb（Silver）","All Beauty","3.700","119.000","25.23"
"237","Travel Bottles for Toiletries, Silicone Travel Size Bottles And Squeezable Containers Holders with belt clip Keychain for Backpack, Shampoo, Liquid, Cosmetic Products(2 oz, 6 Pack)","All Beauty","4.100","90.000","25.23"
"238","Empty Amber Glass Spray Bottles - (4 Pack) 16 oz with Labels Refillable Container for Essential Oils, Cleaning Solutions, Cleaning Products, Hair, Plant Mister, Daily Shower, Gardening or Aromatherapy","All Beauty","4.500","517.000","25.23"
"239","Aesfee Makeup Mirror Vanity Mirror with Lights, 1x/2x/3x Magnification LED Lighted Trifold Cosmetic Mirrors, 3 Color Lighting Modes Touch Control Dimmable Countertop Illuminated Mirrors - White","All Beauty","3.500","70.000","25.23"
"240","WIS Hyaluronic Acid Facial Masks for Women Anti Aging, Moisturizing for All Skin Type 24 Pcs Sheet Mask, Daily Skin Care","All Beauty","4.100","31.000","25.23"
"241","Qiray Hair Ties For Women Coil Hair Ties,Large Lace Phnom Penh,5 Colors 10 Pieces.","All Beauty","4.300","62.000","25.23"
"242","YsesoAi 28 Pcs Hair Curlers Spiral Curls No Heat Wave Hair Curlers Styling Kit Spiral Hair Curlers Magic Hair Rollers with 2 Pieces Styling Hooks for Most Kinds of Hairstyles (20 cm/ 7.8 inches)","All Beauty","3.200","131.000","25.23"
"243","AMAJULIE Non Slip Flexible Silicon Wigs Fix Strong Hold Comfort Silicone Lace Wig Grip Transparent Headband Hair Band Adjustable for Lace Wigs (Light Brown)","All Beauty","3.500","58.000","25.23"
"244","JPNK 4PCS Anti-Static Detangling Fine & Wide Tooth Shower Comb Set","All Beauty","4.100","58.000","25.23"
"245","Hard Wax Beads,WAXNOW 2lb Wax Beans for Hair Removal, All-Purpose Use for Full Body, Golden Glitter Added, Hard Wax for Legs, Brazilian Bikini, Underarm, Face, Larger Refill for Wax Warmer Kit","All Beauty","4.300","192.000","25.23"
"246","Zeitun Natural Anti Cellulite Body Scrub - Organic Coffee Body Scrub Exfoliator With Robusta & Dead Sea Salt - Cinnamon, Ginger And Moisturizing Oils, 7 oz","All Beauty","3.800","48.000","25.23"
"247","Gentlehomme Face Moisturizer For Men - Mens Facial Lotion with Neroli Essential Oil Scent - Collagen & Stem Cells - Daily Anti-Aging Moisturizer for Dry & Oily Skin - 4 oz","All Beauty","4.300","54.000","25.23"
"248","Panama Jack Sunscreen Lip Balm - SPF 45, Tropical & Mango 6 Pack Plus, Broad Spectrum UVA-UVB Sunscreen Protection, Prevents & Soothes Dry, Chapped Lips","All Beauty","4.900","66.000","25.23"
"249","MAD | Cosmetic's Makeup Remover Cleansing Towelettes, Daily cleansing face wipes to remove waterproof mascara, alcohol free , with Vitamin E 25 count","All Beauty","3.300","71.000","25.23"
"250","Sparkling Oxygen Mask, Skin Energizing Treatment with Bubbling Action","All Beauty","4.400","40.000","25.23"
"251","TULA Probiotic Skin Care Supersize 24-7 Moisture Hydrating Day & Night Cream | Holiday 2020, Ageless is the New Anti-Aging, Face Cream, Contains Watermelon Fruit and Blueberry Extract | 3.4 oz","All Beauty","4.700","149.000","25.23"
"252","BeautyStat Mini Universal Essentials Skin Care Kit - 3 in 1: Universal C Skin Refiner + Universal Pro Bio Moisture Boost Cream + Universal Moisture Essence | Created by a Veteran Cosmetic Chemist","All Beauty","4.100","580.000","25.23"
"253","BABOR Power Serum Ampoules - Hyaluronic Acid | Moisturizing Smoothing and Plumping | 8D Hyaluronic Acid and Tripeptide Intensely Hydrate All Skin's Layers | 7 Days to Hydrated Skin","Premium Beauty","3.100","31.000","25.23"
"254","HASK CUCUMBER + ALOE Body Wash 2 Pack- Refreshing, vegan formula, hypoallergenic, dermatologist tested, pH balanced- 2 Pack of 24.5 oz Bottles","All Beauty","4.600","156.000","25.23"
"255","BeautyStat Cosmetics Universal Moisture Essence, 100% Pure Squalane, Face Oil, Moisturizer, 30ml, 1oz","All Beauty","4.500","99.000","40.00"
"256","2 Pack Foundation Full Coverage Liquid Foundation, Foundation Primer, 4 Makeup Sponge, Cosmetic Bag, 24HR Matte Oil Control Concealer Foundation (Nude #102+Buff Beige #104)","All Beauty","4.400","23.000","25.23"
"257","JDO Eyelash Curler and 4D Silk Fiber Lash Mascara Value Set-Lash Curler with Refill Pads for No Pinching or Pulling, Mascara Natural Thickening- Long Lasting Waterproof & Smudge-Proof","All Beauty","3.900","64.000","25.23"
"258","3D Mink Eyelashes Natural Long Lashes 2 in 1 Self-adhesive Eyeliner Instead of Adhesive 5 Different Styles Pairs Kits Sets with Tweezers , NO NEED GLUE","All Beauty","3.900","64.000","25.23"
"259","Mini Rubber Bands Soft Elastic Bands for Kids Hair Non-slip Rubber Hair Bands Soft Hair Elastics Ties Bands Braids Hair for Girls - STRONG - REUSEABLE (Colorful1000+Black1000)","All Beauty","3.700","22.000","25.23"
"260","HOMOST Starry Magnetic Cat Eye Gel Nail Polish Set, 6PCS Galactic Auroras Chameleon Gel Nail Polish Kit With Magnet","All Beauty","3.700","16.000","25.23"
"261","EMMOR Long Ombre Brown Wig for Women - 23 Inch Natural Synthetic Straight Hair Middle Part With Air Bang Wigs Dark Root, Party Cosplay Daily Use","All Beauty","4.000","58.000","25.23"
"262","MUSE & Co Dazzling Rhinestone Stick On Nails, White Nails with Glitter Nails and Rhinestones ""French Sparkle"", Luxurious Elegant Nails, Squoval Medium Length Nails Press On Nails for Women and Girls Fake Nail Set 36pcs","All Beauty","3.500","9.000","25.23"
"263","20pcs Nail Tips Clips for Quick Building Polygel Nail Forms Nail Tips Clip for Finger Nail Extension DIY Manicure Nail Art Tool","All Beauty","4.000","1048.000","25.23"
"264","COSMOCOS FromNature Perfect Cover BB Cream - Light Beighe/Natural Beige SPF 50+ / PA+++ Sun Protection, Natural Skin Tone, High Coverage Korean Cosmetic K Beauty - 50g (1.76 fl oz) (Light Beige)","All Beauty","3.500","20.000","25.23"
"265","SAISZE Jaw Exerciser, Facial Fat Burner Double Chin Reducer Eliminator for Jawline Shaper, Neck Muscle Training Helps Face Slimming for Men Women (Blue)","All Beauty","3.200","42.000","25.23"
"266","CONBOLA Make Up Organizer 5 in 1 Dresser Organizer,Portable for Lipstick and Jewlry ,Makeup Organizer and Temporary Makeup Brush Holder,Multi-purpose for Girl Women.36.6cm18cm.(Blue)","All Beauty","3.500","38.000","25.23"
"267","JUNG SAEM MOOL OFFICIAL] JUNGSAEMMOOL Minifying Cica Mist Balm","All Beauty","4.200","27.000","25.23"
"268","MainBasics Headband with Buttons for Face Masks (Gray)","All Beauty","3.700","125.000","25.23"
"269","JARGOD 1pcs 100% Kolinsky Sable Acrylic Nails Round Nail Art Brush (size 4)","All Beauty","4.400","27.000","25.23"
"270","BJÖRN HALL Nurse Headband with Buttons for Face Mask | Elastic Swimsuit Material, Smooth & Stretchy | Ear Saver Headband with Buttons | Perfect for Nurses, Doctors & Medical Students","All Beauty","4.100","52.000","25.23"
"271","Glass Nail File - JORLAI 2PC Nano Nail Shiner Nail Files Polisher Glass Nail Buffers Professional Crystal Manicure Tools Kit for Natural Nails","All Beauty","4.500","62.000","25.23"
"272","Tweezers for Eyebrows, MORGLES 5PCS Tweezers for Women Precision Tweezers Set with Eyebrow Brush Leather Case for Eyebrow Ingrown Hair Removal","All Beauty","4.400","183.000","25.23"
"273","MEACOLIA 6 Pack 8oz Water Mist Empty Spray Bottle for Hair,Plastic Spray Bottle for Cleaning Solutions,Refillable Container with Adjustable Head","All Beauty","4.100","30.000","25.23"
"274","Purple Shampoo and Conditioner Set - No, Orange, Yellow or Brassy Tones - Best Toner Treatment for Brassiness - Blonde, Grey, Bleached or Silver Hair - Sulfate Free","All Beauty","4.000","876.000","25.23"
"275","Florona Hibiscus Air Freshener Room Spray for Deep Sleep 100 ml - Pure & Unrefined Pillow Mist & Linen Spray (Hibiscus,100 ml)","All Beauty","3.600","21.000","25.23"
"276","Qiray Hair Ties Hair Accessories Set For Girls and Women,Large Retractable Cotton,18 Colors 36 Pieces.","All Beauty","4.200","37.000","25.23"
"277","Facial Kit For Women - Includes Facial Mask, Facial Makeup Wipes, Nose Strips, Facial Cleansers, Facial- Self Care Package For Women (Multivitamin Facial Kit)","All Beauty","4.500","26.000","25.23"
"278","AMOREPACIFIC Color Control Cushion Compact Broad Spectrum SPF 50+","Premium Beauty","4.400","581.000","75.00"
"279","Gryph & IvyRose Coat of Arms Hydrating Lotion for Kids - Hydrating Moisturizer with Shea Butter & Coconut Oil - All Natural, Sustainable, Cruelty Free, No Parabens, No Sulfates, Vegan - USA Made - 8oz","All Beauty","4.400","31.000","9.98"
"280","invisibobble Sprunchie Spiral Hair Ring - True Black - Scrunchie Stylish Bracelet, Strong Elastic Grip Coil Accessories for Women - Gentle for Girls Teens and Thick Hair","All Beauty","4.700","219.000","11.49"
"281","3 Barrel Curling Iron, Milantia 3/4 Inch Mini Travel Curling Wand Hair for Small Curly, Dual Voltage Ceramic Tourmaline 19mm Crimper Hair Iron for Women - Fast Heating, Portable","All Beauty","3.800","121.000","25.23"
"282","ROSEGIN 23 Pcs Gel Nail Polish Set with Glossy and Matte Top and Base Coat Soak Off Gel Polish Colors Pink Red Green Neon Long Lasting Nail Gel Polish","All Beauty","4.300","110.000","25.23"
"283","Natural Solution Himalayan Pink Salt Body Scrub with Organic Marula Essential Oil, Moisturizes and Nourishes Face & Skin - 12.3 Oz","All Beauty","3.800","38.000","9.99"
"284","CESTLV Bamboo Charcoal Toothbrush + Toothpaste Kit (10 Pack Bulk), Hotel Amenities for Guest & Travel, BPA Free, Individually Boxed Dental Kits, Recyclable","All Beauty","4.100","50.000","25.23"
"285","FRESHME Mud Mask - Facial Mask Kaolinite Clay Masks Cleansing and Moisturizing Brightening Smoothing Face Mask, 3.4 fl oz","All Beauty","3.500","24.000","25.23"
"286","Burt's Bees Baby Bath Time Kit with Ultra Gentle Lotion, Bubble Bath, Foaming Shampoo & Wash, Nourishing Baby Oil, and Face & Hand Cloths","All Beauty","4.500","45.000","25.23"
"287","NATWAG Reusable Update Makeup Remover Cloths for Sensitive Skin - Microfiber Face Cloth Makeup Remover | Washable Round Makeup Remover Pads | Natural Facial Towels (2 Pads,2 Cloth) (Purple)","All Beauty","4.600","98.000","25.23"
"288","Bath Bombs Gift Set, Bath Bomb Gift for Women with Rose Petals, Lavender Scent 5pc Handmade Bubble Bath Gift Box with Soap & Petals Mothers Day Gifts Ideas for Mom, New Mom, Wife Birthday Gift for Her","All Beauty","4.500","229.000","25.23"
"289","Spanature Aloe Vera Hand & Body Lotion Travel Size Selection, 4 Pack, Relaxing and Revitalizing Moisturizer for Rough and Dry Skin, Nourishing and Gentle for All Skin Types, Made In Korea - 75 ml/2.53oz","All Beauty","3.900","31.000","25.23"
"290","Fragrantshare Makeup Brushes Professional Organizer Foundation Brush for Liquid makeup Travel 9Pcs Sets - Odorless Fiber Hair - Light Blue","All Beauty","4.300","23.000","25.23"
"291","Beautiful Girl You Can Do Amazing Things, Inspirational Gifts for Women, Christmas Gifts, Amazing Gifts for Teen Girls, Beautiful Gift Makeup Bag, Inspirational Jewelry Dish, Amazing Mirror","All Beauty","4.500","54.000","25.23"
"292","So'Bio Étic | Moisturizing Fresh Gel Cream | Organic Face Moisturizer for Combination Skin | 24 hr Hydrating, Balancing & Plumping | 0.5 fl oz","All Beauty","3.700","33.000","25.23"
"293","4D Silk Fiber Lash Mascara Black, Natural Waterproof Mascara Extra Long Lash,Thick Thickening and Lengthening, No Clumping, No Smudging, Lasting Voluminous Eyelashes Dramatic Extension Mascara","All Beauty","4.000","115.000","25.23"
"294","KISSIO Eyeshadow Set Of 9 Colors, Practical Colors, Pigmentation, Long-Lasting, Rotating Design, CHINA Style, Good Gift","All Beauty","3.700","16.000","25.23"
"295","BEPHOLAN Natural Eyelash Growth Serum and Brow Enhancer to Grow Thicker, Longer Lashes for Long, Luscious Lashes and Eyebrows|15ML","All Beauty","3.200","20.000","25.23"
"296","Biutee Nail Stamping Plates 5pcs Templates With Stamper Scraper Set Nail Art Plates set animal flower Christmas halloween design","All Beauty","3.900","223.000","7.99"
"297","SOFTACULOUS Foot Peeling Mask Booties – 2 Pairs, Baby Soft Skin in 7 Days","All Beauty","4.400","39.000","25.23"
"298","Bath Pillow for Bathtub, Spa Pillows for Neck Head Shoulders Back Support, Thick Bath Tub Cushion with 6 Suction Cups Men Women Breathable Comfort 4D Air Mesh Quick Dry Headrest Bath Accessories","All Beauty","4.300","117.000","25.23"
"299","PINROSE Perfumes Bold Soul - Eau de Parfum Petals (Fragrance Towelettes) - Vegan, Cruelty-free, and Hypoallergenic Scent with Essential Oils - Notes of Crushed Blackberry, Tuberose, Vanilla, Cinnamon and Patchouli","All Beauty","4.000","251.000","10.00"
"300","Sand & Sky Face Roller & Massager Tool. Aussie Skincare Essentials Firming Face Roller, Sculpt, Sooth & Contour to Banish Puffiness and Boost Serum Absorption.","All Beauty","4.800","26.000","25.23"
"301","Besame Cosmetics | Forever Red Lipstick - 1925 | Classic Color Lipstick | Vintage Makeup | Long Lasting Lipstick | Semi Matte Lipstick for Women | Moisturizing Lipstick for Sensitive Skin","All Beauty","4.400","56.000","25.23"
"302","Poly Nail Gel Kit, 7 Colors Nail Extension Gel with UV Lamp, Poly Extension Decoration Kit, Base Top Coat Set with Rhinestone, Nail Molds, Nail Art Gel Kits for Home DIY Manicure, Blue Nude Series","All Beauty","3.900","717.000","25.23"
"303","2020 UPGRADED Exfoliating Loofah Sponge Pads, Natural Luffa Material Loofah Pads Shower Body Scruber for Men/Women Bath Spa and Shower (3 Pack)","All Beauty","4.000","308.000","25.23"
"304","Mr. Pristine Organic Beard Shampoo with Natural Essential Oils for Moisturizing Skin & Hair, 8.5 oz.","All Beauty","4.400","14.000","25.23"
"305","Mr. Pristine Organic Beard Conditioner to Grow, Thicken, Moisturize and Protect Your Beard, 8.5 oz.","All Beauty","3.800","14.000","25.23"
"306","Manicure and Pedicure Nail Clipper from POWERGROOMING - Powerful Trimmer for Thick and Thin Finger Nails and Toe Nails - Included Nail File and""Catcher"" for Easy Cleanup (1 Pack)","All Beauty","4.100","35.000","25.23"
"307","AUGNORYE 13 Pcs Hair Cutting Scissors Kit, Professional Hair Barber Scissors Kit with Thinning Shears, Home Hair Shears for Women, Men, Kids","All Beauty","3.900","37.000","25.23"
"308","Glass spray bottle-16 ounce empty bottle ounce refillable container 2 packs, suitable for essential oils, cleaning products, aromatherapy, water mist plants with mist and air flow settings","All Beauty","4.500","223.000","25.23"
"309","TCM Men's Cleansing Activated Charcoal Bar Soap - For all skin types - 5oz (1 Pack)","All Beauty","4.000","29.000","25.23"
"310","5pcs Nail Art Liner Brushes, Lystaii Dual-ended Painting Nail Design Brush Pen Include Liner Brushes and Dotting Pen Nail Art Point Drill Drawing Brush Double Ended Dotting Tools Set 5,7,9,11,14mm","All Beauty","4.000","83.000","25.23"
"311","6 Pack Spray Bottles,Empty Plastic Clear Small Transparent Travel Bottles Pump Bottle Lotion Dispenser Bottle Set,Refillable Liquid Containers 3oz and 2 oz","All Beauty","4.300","166.000","25.23"
"312","NeWisdom 72 PCS Toddler Girls Hair Accessory Set with Gift Packing Organization Box, Gifts for Grandkids, Cute Hair Bows Hair Clips Hair Bands for Girls Toddlers, Multi-Style Elastic Hair Ties Hair Accessories for Baby Girls Age 3 4 5 6","All Beauty","3.700","58.000","25.23"
"313","Magnetic Eyelashes and Magnetic Eyeliner Kit, Magnetic Eyelashes with Eyeliner, 5 Pairs Reusable Magnetic Eyelashes with Tweezer, False Lashes","All Beauty","3.000","36.000","25.23"
"314","Beauhair Lace Front Wigs Human Hair Pre Plucked Brazilian Deep Wave 13x4 Lace Frontal Wig with Baby Hair 9A Natural Hair Wigs for Black Women(16, Deep Wigs)","All Beauty","3.000","29.000","25.23"
"315","Long Black Wavy Wig with Bangs for Women Synthetic Wigs Natural Looking Realistic Wigs Hair for Daily Party Cosplay Use","All Beauty","2.900","37.000","25.23"
"316","Nose Pore Wax Strips for hair removal","All Beauty","4.000","45.000","25.23"
"317","Red Carpet Manicure Starter Kits","Premium Beauty","4.000","88.000","49.99"
"318","Wonder4 Electric Callus Remover - Rechargeable Electric Foot File Callus Shaver Hard Skin Remover Pedicure Tools with 3 in 1 Roller Heads, for Cracked Heels Calluses and Dead Skin","All Beauty","3.400","39.000","25.23"
"319","Gel UV Nail Lamp, AsperX 150W LED Nail Dryer Gel Nail Polish Light Curing Lamp Kit Smart Auto-sensing with 10/30/60/99s Timer","All Beauty","4.300","621.000","25.23"
"320","Canple Self-cleaning Slicker Brush for Medium Long Hair Types Dog and Cat, Removes Loose Hair Undercoat Effectively Reduce Mats & Tanglings Grooming Brush","All Beauty","4.000","79.000","25.23"
"321","John Frieda Detox and Repair Shampoo and Conditioner Set with Nourishing Avocado Oil and Green Tea, 8.45 Fl Oz (Pack of 2)","All Beauty","4.500","242.000","25.23"
"322","QIC 4D Silk Fiber Lash Mascara, Fiber Mascara, Waterproof Mascara, Natural Thick Thickening and Lengthening Mascara Lasting All Day","All Beauty","3.000","29.000","25.23"
"323","6 Pack Soft Headband BEoffer Coral Fleece Women Makeup Spa Head Bands Turban Fashion Bow Bowknot Hairlace Headwear Wash Face Hair Holder Elastic Top Knot Bandage Girl Baby Hair Accessories 6 Colors","All Beauty","4.600","957.000","25.23"
"324","2-Pack Puretize 16.9 Oz Hand Sanitizing Gel w/Pump Tops - Extra Strength 70% Ethyl Alcohol - Moisturizing Formula with Aloe Vera, Vitamin E & Botanical Extracts - Quick Drying Formula","All Beauty","4.600","835.000","25.23"
"325","Segbeauty empty bottle 290","All Beauty","4.800","4920.000","25.23"
"326","allez outdoor | Biodegradable Cleansing Cloths | Natural Plant-Based Face and Body Wipes | PH Balanced | Cactus Bloom and Chaparral Scent | 20ct Individually Wrapped Towelettes","All Beauty","4.500","137.000","22.00"
"327","Hetianmei® Pink Rhinestone Headbands for Women，Jewel Headband，Bling Diamond Headbands Crystal Fashion Sparkly Jeweled Thick Headbands for Woman","All Beauty","4.400","101.000","25.23"
"328","Organic Bamboo Cotton Ear Swabs by Bali Boo - 200 - Natural Wooden Qtips Cotton Swabs for Cleaning Ears, Baby or Makeup and Nails - Sustainable & Vegan Buds Sticks - Eco Friendly & Biodegradable","All Beauty","4.200","49.000","25.23"
"329","Bath Bombs, SAZEN Bath Bomb with Natural & Organic Essential Oils, Shea Coconut Butter for Skin Moisturize, Bubble Spa Bath, Birthday Mothers Day Christmas Handmade Gift Set for Women Kids Her Him","All Beauty","4.400","226.000","25.23"
"330","Nxconsu 8Pcs Rhinestone Headbands for Women Girls Teens Kids Fashion Comfort No Hurting Hair Accessories Thin Hair Bands Crystal Exquisite Color Selection","All Beauty","4.400","104.000","25.23"
"331","100% PURE Cocoa Coffee Body Scrub Exfoliating Deep Cleanse with Sea Salts & Nourishing Oils Natural Moisturizing Skincare Radiant Skin Restore & Pore Cleanser for Women & Men Vegan - 10oz","All Beauty","3.100","27.000","40.00"
"332","C'est Moi Gentle Cleansing Water | Gentle, Fragrance-Free Cleanser Removes Makeup and Refreshes Skin, Made with Cornflower Water, Aloe Vera, and Strawberry, Kiwi, and Apple Extracts | 5.9 fl oz.","All Beauty","4.400","66.000","9.99"
"333","Microfiber Hair Towels - 5 Towel Set – 5 Beautiful Colors - Great for all Hair Types - Size (10 x 26 inches) Lightweight, Absorbent, and Ultra Soft. Colors Rose, Pink, Gray, Blue, and Lilac.","All Beauty","4.600","27.000","25.23"
"334","Garnier Whole Blends Softening Shampoo Bar for Fine to Normal Hair, Oat Delicacy, 2 Oz, 1 Count (Packaging May Vary)","All Beauty","4.300","1123.000","7.97"
"335","RAREKIND Fade Matte Lipstick by Amorepacific - 10 Colors, Cruelty-Free Nourishing Lip Stick, Velvety-smooth, Long-Lasting Moisturizing Lipstick - 3.2g Maple Road","All Beauty","3.800","38.000","25.23"
"336","TIANG Facial Steamer, Nano Ionic Mist Face Steamer, Hydrating Mist Sprayer Water Oxygen Injection, Nano Steamer Portable Mist Humidifier, for Face Mini Spa Rejuvenation, Moisturizing Refreshing","All Beauty","4.400","14.000","25.23"
"337","36 Pack 2oz Clear Plastic Empty Bottles Travel Containers with Flip Cap for Hand Sanitizer, Cosmetic, Shampoo, Lotion, Liquid Body Soap, Cream, Toner, BPA-free","All Beauty","4.500","83.000","25.23"
"338","Charyeah Bath Pillow Bathtub Spa Pillow With Powerful Gripping Suctions, Comfortable and Soft 2-Panel Cushions for Head, Neck, Back and Shoulder Support,Fits Hot Tub, Jacuzzi, Spas","All Beauty","3.900","116.000","25.23"
"339","5-Pack Hair Scalp scrubber Massager Shampoo Brush for Straight Curly Long Short Thick Thin Wet Dry Hair, Men Women Kids Scalp Care Hair Cleaning Shower, Scalp Care Brush,100% comfortable","All Beauty","4.300","40.000","25.23"
"340","Empty Clear Glass Spray Bottles 2-PACK,Refillable 16 oz Containers for Essential Oils, Cleaning Products, Aromatherapy, Misting Plants, or Cooking - Reliable Sprayer with Mist Settings","All Beauty","4.400","148.000","25.23"
"341","Heyedrate Activated Charcoal Soap Bar and Face Wash | Organic, Vegan, Natural Soap made with Dead Sea Mud and Our Essential Oil Blend (1 Pack (5 Ounces))","All Beauty","4.400","87.000","25.23"
"342","Cleancult Soap Dispenser with Pump, 12oz Frosted Glass Refillable Bottle with Non-Slip Grip, Pre filled with Natural Liquid Handsoap, Lavender Scent, Eco Friendly","All Beauty","4.300","200.000","25.23"
"343","Nail Clipper Set, GIDIBII Luxury 18 in 1 Stainless Steel Nail Clipper Kit, Manicure Pedicure Care Tools with Portable Travel Case","All Beauty","4.400","64.000","25.23"
"344","Maestee 9 Pcs Gel Nail Polish Kit, 6 Colors (8ml) with Base and Top Coat and Matte Top Gel (8ml) Neon Nail Polish Hot Neon City Collection Soak Off Nail Gel Polish Starter Professional Kit Best Mothers Day Gift","All Beauty","4.300","31.000","25.23"
"345","Altaba Long Wavy Wigs Ombre Red Synthetic Wigs Middle Part Natural Looking Heat Resistant Party Cosplay Full Wig for Women","All Beauty","3.100","11.000","25.23"
"346","Soo'AE Sweet Pink Bubble Mask, Clarifying & Softening, 1 Count","All Beauty","3.600","15.000","25.23"
"347","O!GETi Vitamin C Foam Cleanser | Foaming Facial Cleanser, Perfect Pore Cleansing Foam, Face Wash for Dry & Sensitive Skin, Sebum Reducing, Moisture Control & Minimizing Pores, Korean Skin Care, Gift for Women, Paraben-free, 4.23 Oz (120g)","All Beauty","4.500","160.000","14.00"
"348","2oz / 60ml Glass Spray Bottles for DIY Refill, Essential Oils, Pillow Mists,Fine Mist Spray -3Packs Amber Color","All Beauty","4.500","74.000","25.23"
"349","Eyebrow Stamp Stencil Kit 2 Colors Waterproof and Long Lasting One Step Easy Color Brow Stamp with 24 Eyebrow Stencils, 1 Brush and 1 Razor, Dark Brown and Light Brown","All Beauty","3.200","120.000","25.23"
"350","lorelo 4 Pieces Nail Dotting Pen, Dual-ended Nail Dotting Pen Liner Brush Nail Art Point Drill Drawing Tools Set Nail Art DIY Decoration Tool","All Beauty","3.700","41.000","25.23"
"351","Embryolisse Eau de Beaute Rosamelis Face Toner, 6.76 Fl Oz","Premium Beauty","3.400","28.000","25.23"
"352","Coppertone Kids Clear Sunscreen Lotion SPF 50, Water Resistant Sunscreen for Kids, #1 Pediatrician Recommended Sunscreen Brand, Broad Spectrum Sunscreen SPF 50, 5 Fl Oz Tube","All Beauty","3.800","326.000","6.94"
"353","Gents of London Design Paste Matt Firm Hold Professional Hair Styling Wax (3 oz)","All Beauty","4.000","277.000","25.23"
"354","Sasy n Savy, Citrus Soufflè Hydrating and Nourishing Body Crème, Plant-Based Natural Ingredients For Daily Moisture, 6.08 fl oz(180mL)","All Beauty","4.800","29.000","24.99"
"355","Rose Quartz Roller with Derma Roller 0.25mm, Facial Kit with Microneedle and Pink Jade Rollers","All Beauty","4.600","144.000","19.95"
"356","Automatic Hand Soap/Sanitizer Dispenser Kit - Table liquid Dispenser Pump Station 13.5 oz. Alcohol-Based Sprayer","All Beauty","4.000","20.000","25.23"
